SYSTEM_ID,NAME,PURPOSE,CLASSIFICATION,STATUS,SOURCE_ROOTS,ENTRYPOINTS,RUNTIME_REACHABILITY,RUNTIME_IDENTITY,AUTHORITY_LEVEL,MUTATION_CAPABILITY,STATE_OWNED,STATE_CONSUMED,PRODUCERS,CONSUMERS,UPSTREAM_DEPENDENCIES,DOWNSTREAM_DEPENDENCIES,NETWORK_BOUNDARY,TRUST_BOUNDARY,INPUTS,OUTPUTS,EVIDENCE_PRODUCED,EVIDENCE_CONSUMED,OBSERVABILITY,FAILURE_MODES,FAIL_CLOSED_BEHAVIOR,RECOVERY_OWNER,TEST_COVERAGE,DYNAMIC_VALIDATION,DOCUMENTATION,KNOWN_LIMITATIONS,HISTORICAL_ORIGIN,CANONICALITY_CONFIDENCE,BUILD_ON_VALUE,NOTES,SUPPORT_TIER,QUALIFICATION_SCOPE,REACHED_BY_SUPPORTED_V1_PATH
SYS-001,Host/native contract,"Establish supported host architecture, tools, trust, and privilege boundaries.",CANONICAL_HOST_INFRA,LIVE,Makefile; scripts/infra; scripts/verify/verify_native_host_contract.sh,make native-host-contract-verify,Host execution on threadforge,Human operator + sudo boundary,Host mutation authority,"Docker trust, /etc/hosts/CA, tools",Host trust and local tool state,"Linux/arm64, Docker, sudo",Makefile; scripts/infra; scripts/verify/verify_native_host_contract.sh,Kind/bootstrap/registry,"Linux/arm64, Docker, sudo",Kind/bootstrap/registry,See 13_NETWORK_AND_TRUST_ATLAS.md,Host mutation authority,"Linux/arm64, Docker, sudo",Kind/bootstrap/registry,Golden Boot host-contract logs,"proof/status, logs, runtime state as applicable",Golden Boot host-contract logs,Missing host trust blocks bootstrap,Fail closed where stated; otherwise degraded/unknown is explicit in failure matrix,Human operator and infra scripts,Structural and Golden Boot,Golden Boot host-contract logs,See repository roots and atlas cross-references,Single host; sudo is human-held,Native Kind convergence era,HIGH,HIGH,,SUPPORTED_V1,NATIVE_V1_QUALIFIED,True
SYS-002,Golden Boot qualification,Destructively reconstruct and qualify the reference environment from clean source.,CANONICAL_ASSURANCE,QUALIFIED_EXACT_SHA_2026_08_28,scripts/operator/golden_boot.sh; Makefile,make golden-boot,Operator initiated; not continuously running,Human operator,Release qualification scheduler,Cluster reset and full bootstrap,Golden Boot run artifacts,"clean worktree, host contract",scripts/operator/golden_boot.sh; Makefile,all canonical native systems,"clean worktree, host contract",all canonical native systems,See 13_NETWORK_AND_TRUST_ATLAS.md,Release qualification scheduler,"clean worktree, host contract",all canonical native systems,phase markers and final PASS,"proof/status, logs, runtime state as applicable",phase markers and final PASS,Any stage failure blocks qualification,Fail closed where stated; otherwise degraded/unknown is explicit in failure matrix,Owning stage producer,Golden Boot contract tests,phase markers and final PASS,See repository roots and atlas cross-references,"Expensive, destructive, single host",2026 native qualification,HIGH,VERY_HIGH,,SUPPORTED_V1,NATIVE_V1_QUALIFIED,True
SYS-003,Kind cluster lifecycle,Own disposable Kubernetes control-plane lifecycle.,CANONICAL_BOOTSTRAP,LIVE,scripts/kind; platform/deploy/infra/kind; scripts/make/k3.mk,make k3-install; validate-all-full-reset,"Live kind-threadforge, one node",Kubernetes admin kubeconfig,Cluster lifecycle authority,"Create/delete cluster, node config",Kind node/container state,"Docker, host trust",scripts/kind; platform/deploy/infra/kind; scripts/make/k3.mk,bootstrap and workloads,"Docker, host trust",bootstrap and workloads,See 13_NETWORK_AND_TRUST_ATLAS.md,Cluster lifecycle authority,"Docker, host trust",bootstrap and workloads,kubectl node evidence,"proof/status, logs, runtime state as applicable",kubectl node evidence,API outage blocks all reconciliation,Fail closed where stated; otherwise degraded/unknown is explicit in failure matrix,Kind/bootstrap scripts,Bootstrap and proof,kubectl node evidence,See repository roots and atlas cross-references,Single control-plane; local-path storage,K3-to-Kind migration,HIGH,HIGH,,SUPPORTED_V1,NATIVE_V1_QUALIFIED,True
SYS-004,Bootstrap reconciler,"Converge registry, identity, mesh, policy, data, and observability in producer order.",CANONICAL_BOOTSTRAP,LIVE,scripts/bootstrap.sh; scripts/infra/bootstrap.sh; scripts/make/infra.mk,make infra-bootstrap,Operator initiated; mutates live cluster,Kubernetes admin,Producer authority for cluster state,kubectl/helm/create/patch/rollout,Generated cluster resources,"host, registry, Kind",scripts/bootstrap.sh; scripts/infra/bootstrap.sh; scripts/make/infra.mk,all live control and data planes,"host, registry, Kind",all live control and data planes,See 13_NETWORK_AND_TRUST_ATLAS.md,Producer authority for cluster state,"host, registry, Kind",all live control and data planes,bootstrap logs and readiness markers,"proof/status, logs, runtime state as applicable",bootstrap logs and readiness markers,First producer failure stops convergence,Fail closed where stated; otherwise degraded/unknown is explicit in failure matrix,Owning bootstrap helper,Extensive static/focused/Golden Boot,bootstrap logs and readiness markers,See repository roots and atlas cross-references,Large shell graph; host coupled,Current convergence architecture,HIGH,VERY_HIGH,,SUPPORTED_V1,NATIVE_V1_QUALIFIED,True
SYS-005,Local registry and TLS,Provide authenticated internal OCI distribution with hostname-preserving trust.,CANONICAL_SUPPLY_CHAIN,LIVE_HOST_CONTAINER,scripts/infra/harden_local_registry.sh; platform/registry; scripts/lib/registry_network.sh,bootstrap registry stages; registry probes,Host Docker container plus cluster DNS route,"registry.threadforge.local, basic auth, CA trust","Artifact distribution authority, not signing authority",Registry push/read; CoreDNS reconciliation,"OCI blobs/manifests, htpasswd, TLS","host Docker, CA, credentials",scripts/infra/harden_local_registry.sh; platform/registry; scripts/lib/registry_network.sh,"builder, Kyverno, kubelet, proof","host Docker, CA, credentials","builder, Kyverno, kubelet, proof",See 13_NETWORK_AND_TRUST_ATLAS.md,"Artifact distribution authority, not signing authority","host Docker, CA, credentials","builder, Kyverno, kubelet, proof",401 unauthenticated/200 authenticated probes,"proof/status, logs, runtime state as applicable",401 unauthenticated/200 authenticated probes,Unavailable blocks preload/admission verification,Fail closed where stated; otherwise degraded/unknown is explicit in failure matrix,Registry hardening producer,Focused registry and Golden Boot,401 unauthenticated/200 authenticated probes,See repository roots and atlas cross-references,"Host-local, non-HA",Local secure registry evolution,HIGH,VERY_HIGH,,SUPPORTED_V1,NATIVE_V1_QUALIFIED,True
SYS-006,Image builder/preloader,Build linux/arm64 images and populate the internal registry.,CANONICAL_SUPPLY_CHAIN,OPERATOR_INITIATED,platform/images; scripts/build; scripts/infra/preload_registry.sh,make images; preload stages,Host only,Human operator/buildx builder,Build authority only on trusted host,"docker buildx, skopeo copy",Local image archives and OCI manifests,"source, Dockerfiles, base images",platform/images; scripts/build; scripts/infra/preload_registry.sh,registry and pinning,"source, Dockerfiles, base images",registry and pinning,See 13_NETWORK_AND_TRUST_ATLAS.md,Build authority only on trusted host,"source, Dockerfiles, base images",registry and pinning,build/preload summaries,"proof/status, logs, runtime state as applicable",build/preload summaries,Incomplete build set fails closed,Fail closed where stated; otherwise degraded/unknown is explicit in failure matrix,Build/preload scripts,Inventory and completeness tests,build/preload summaries,See repository roots and atlas cross-references,Network/base-image dependencies,Build pipeline consolidation,HIGH,HIGH,,SUPPORTED_V1,NATIVE_V1_QUALIFIED,True
SYS-007,Canonical image inventory and pin map,Define required image set and approved digest aliases.,CANONICAL_SUPPLY_CHAIN,LIVE_SOURCE_AUTHORITY,platform/config/canonical_image_inventory.json; platform/config/image_pin_map.json; scripts/infra/pin_runtime_images.sh,bootstrap pinning; registry completeness,Source-driven and runtime-consumed,Git source authority,Canonical image-set authority,Generate/reconcile digest-bearing manifests,"Inventory, pin map, cache metadata",source manifests and registry,platform/config/canonical_image_inventory.json; platform/config/image_pin_map.json; scripts/infra/pin_runtime_images.sh,"bootstrap, Kyverno, runtime drift, proof",source manifests and registry,"bootstrap, Kyverno, runtime drift, proof",See 13_NETWORK_AND_TRUST_ATLAS.md,Canonical image-set authority,source manifests and registry,"bootstrap, Kyverno, runtime drift, proof",63 inventory entries; 60 unique digest proof set,"proof/status, logs, runtime state as applicable",63 inventory entries; 60 unique digest proof set,Unknown/missing aliases rejected,Fail closed where stated; otherwise degraded/unknown is explicit in failure matrix,Inventory/pinning producers,Focused pin/cache/completeness tests,63 inventory entries; 60 unique digest proof set,See repository roots and atlas cross-references,Aliases require explicit reconciliation,Supply-chain hardening,HIGH,VERY_HIGH,,SUPPORTED_V1,NATIVE_V1_QUALIFIED,True
SYS-008,Cosign/Rekor signing,Sign and verify approved OCI references and selected evidence.,CANONICAL_SUPPLY_CHAIN,LIVE_OPERATOR_PATH,scripts/infra/sign_images.sh; scripts/verify/verify_signatures.sh; platform/supply-chain,bootstrap/signature verification,Host tools and remote transparency service,Cosign key identity; Rekor endpoint,Signature production and verification,cosign sign/verify,"OCI signatures, bundles, verification cache","registry, signing key, Rekor",scripts/infra/sign_images.sh; scripts/verify/verify_signatures.sh; platform/supply-chain,"Kyverno, proof, registry audit","registry, signing key, Rekor","Kyverno, proof, registry audit",See 13_NETWORK_AND_TRUST_ATLAS.md,Signature production and verification,"registry, signing key, Rekor","Kyverno, proof, registry audit",signature cache and proof logs,"proof/status, logs, runtime state as applicable",signature cache and proof logs,Missing key/Rekor can block signing/verification,Fail closed where stated; otherwise degraded/unknown is explicit in failure matrix,Supply-chain scripts/human key owner,Signature tests and Golden Boot,signature cache and proof logs,See repository roots and atlas cross-references,Key is host-local; Rekor externally dependent,Sigstore integration,HIGH,VERY_HIGH,,SUPPORTED_V1,NATIVE_V1_QUALIFIED,True
SYS-009,SPIRE server,"Own workload trust domain, CA state, entries, and SVID issuance.",CANONICAL_IDENTITY,LIVE,platform/identity/spire/server; platform/deploy/infra/spire,bootstrap SPIRE install,StatefulSet spire-server-0,spiffe://identity.threadforge.local/spire/server,Root/issuance identity authority,Issue SVIDs; manage entries via CLI,"CA keys, bundle, sqlite on PVC","persistent datastore, registration declarations",platform/identity/spire/server; platform/deploy/infra/spire,"agents, CSR, proof","persistent datastore, registration declarations","agents, CSR, proof",spiffe://identity.threadforge.local/spire/server,Root/issuance identity authority,"persistent datastore, registration declarations","agents, CSR, proof",bundle/entry/health evidence,"proof/status, logs, runtime state as applicable",bundle/entry/health evidence,Outage stops new/renewed SVIDs; existing certs bounded by TTL,Fail closed where stated; otherwise degraded/unknown is explicit in failure matrix,SPIRE lifecycle/bootstrap,"Outage proof, identity chain, Golden Boot",bundle/entry/health evidence,See repository roots and atlas cross-references,Single replica and local PVC,Identity-first architecture,HIGH,VERY_HIGH,,SUPPORTED_V1,NATIVE_V1_QUALIFIED,True
SYS-010,SPIRE agent and node attestation,Attest Kind node and expose Workload API to eligible pods.,CANONICAL_IDENTITY,LIVE,platform/identity/spire/agent; platform/deploy/infra/spire,DaemonSet bootstrap,DaemonSet on one node,spiffe://identity.threadforge.local/spire/agent/k8s_psat/threadforge/*,Node/workload attestation mediator,Workload API socket and SVID delivery,Node attestation and socket state,Kubernetes PSAT and SPIRE server,platform/identity/spire/agent; platform/deploy/infra/spire,"workloads, Envoy, application identity",Kubernetes PSAT and SPIRE server,"workloads, Envoy, application identity",spiffe://identity.threadforge.local/spire/agent/k8s_psat/threadforge/*,Node/workload attestation mediator,Kubernetes PSAT and SPIRE server,"workloads, Envoy, application identity",agent health and SVID fetch checks,"proof/status, logs, runtime state as applicable",agent health and SVID fetch checks,Agent outage blocks renewal/new identity,Fail closed where stated; otherwise degraded/unknown is explicit in failure matrix,SPIRE bootstrap,Outage and identity tests,agent health and SVID fetch checks,See repository roots and atlas cross-references,skip_kubelet_verification and container selectors disabled in current config,SPIRE Kubernetes integration,HIGH,VERY_HIGH,,SUPPORTED_V1,NATIVE_V1_QUALIFIED,True
SYS-011,SPIRE registration reconciler,Reconcile declared namespace/service-account identities into SPIRE entries.,CANONICAL_IDENTITY,LIVE_OPERATOR_PATH,platform/identity/spire/entries.yaml; scripts/proof/reconcile_spire_entries.sh,bootstrap registration stage,Runs from host against SPIRE socket,Kubernetes admin plus SPIRE server socket,Registration producer,entry create/update/delete to declared set,SPIRE registration entries,canonical entries.yaml,platform/identity/spire/entries.yaml; scripts/proof/reconcile_spire_entries.sh,workload SVID issuance,canonical entries.yaml,workload SVID issuance,See 13_NETWORK_AND_TRUST_ATLAS.md,Registration producer,canonical entries.yaml,workload SVID issuance,entry inventory and reconciliation log,"proof/status, logs, runtime state as applicable",entry inventory and reconciliation log,Missing/stale entry prevents SVID,Fail closed where stated; otherwise degraded/unknown is explicit in failure matrix,Registration reconciler,Focused entry and Golden Boot tests,entry inventory and reconciliation log,See repository roots and atlas cross-references,Host-to-pod CLI coupling,Cold-start registration repair,HIGH,HIGH,,SUPPORTED_V1,NATIVE_V1_QUALIFIED,True
SYS-012,Trust authority lifecycle,"Model active, issuance, bundle, and successor roots and project canonical artifacts.",CANONICAL_IDENTITY,LIVE,scripts/identity; scripts/verify/verify_trust_root*; artifacts/trust,bootstrap trust convergence; proof identity phase,Host scripts reading SPIRE and cluster,SPIRE root fingerprints/serials,Trust-state classification authority,Publish derived trust artifacts and lifecycle state,Active/issuance/successor/bundle evidence,SPIRE CA and bundle,scripts/identity; scripts/verify/verify_trust_root*; artifacts/trust,"SPIRE CSR, Istio, proof, dashboards",SPIRE CA and bundle,"SPIRE CSR, Istio, proof, dashboards",See 13_NETWORK_AND_TRUST_ATLAS.md,Trust-state classification authority,SPIRE CA and bundle,"SPIRE CSR, Istio, proof, dashboards",root_lifecycle_status.json,"proof/status, logs, runtime state as applicable",root_lifecycle_status.json,Stale root fails bootstrap/proof,Fail closed where stated; otherwise degraded/unknown is explicit in failure matrix,Trust lifecycle producer,Rollover and stale-root tests,root_lifecycle_status.json,See repository roots and atlas cross-references,Rollover semantics are complex; single authority source remains SPIRE,Root rollover hardening,HIGH,VERY_HIGH,,SUPPORTED_V1,NATIVE_V1_QUALIFIED,True
SYS-013,SPIRE CSR / Istio CA bridge,Issue Istio workload certificates from SPIRE-backed authority.,CANONICAL_IDENTITY,LIVE,platform/identity/spire-csr; scripts/infra/refresh_spire_istio_ca_path.sh,pre-ingress refresh bootstrap stage,spire-csr deployment in istio-system,spiffe://.../ns/istio-system/sa/spire-csr,Istio CSR signing bridge,CSR signing and CA path refresh,CSR CA secret/config and projected roots,SPIRE root/bundle,platform/identity/spire-csr; scripts/infra/refresh_spire_istio_ca_path.sh,"istiod, Envoy workloads",SPIRE root/bundle,"istiod, Envoy workloads",spiffe://.../ns/istio-system/sa/spire-csr,Istio CSR signing bridge,SPIRE root/bundle,"istiod, Envoy workloads",identity-chain and root fingerprints,"proof/status, logs, runtime state as applicable",identity-chain and root fingerprints,Unavailable blocks certificate issuance/renewal,Fail closed where stated; otherwise degraded/unknown is explicit in failure matrix,SPIRE-Istio refresh producer,Cold-start/root serial tests,identity-chain and root fingerprints,See repository roots and atlas cross-references,Single replica,SPIRE/Istio integration,HIGH,VERY_HIGH,,SUPPORTED_V1,NATIVE_V1_QUALIFIED,True
SYS-014,Istio mesh and ingress,"Provide Envoy mTLS, peer identity, routing, and proxy-bound XFCC.",CANONICAL_CONTROL_PLANE,LIVE,platform/deploy/infra/istio; scripts/infra/istio*,bootstrap Istio stages,"istiod, ingressgateway, injected sidecars",SPIFFE SVID via Envoy,Transport identity and L7 policy authority,Route/filter traffic; SANITIZE_SET XFCC,"Mesh config, certs, routes","SPIRE CSR, Kubernetes services",platform/deploy/infra/istio; scripts/infra/istio*,"applications, policies, proof","SPIRE CSR, Kubernetes services","applications, policies, proof",See 13_NETWORK_AND_TRUST_ATLAS.md,Transport identity and L7 policy authority,"SPIRE CSR, Kubernetes services","applications, policies, proof",Envoy config/identity and traffic metrics,"proof/status, logs, runtime state as applicable",Envoy config/identity and traffic metrics,Control-plane outage degrades config/renewal; policy remains in proxies until expiry/state change,Fail closed where stated; otherwise degraded/unknown is explicit in failure matrix,Istio bootstrap,"Mesh, XFCC, boundary tests",Envoy config/identity and traffic metrics,See repository roots and atlas cross-references,Single istiod/ingress replicas,Service mesh integration,HIGH,VERY_HIGH,,SUPPORTED_V1,NATIVE_V1_QUALIFIED,True
SYS-015,Kubernetes RBAC and network policy,Enforce API authorization and L3/L4 workload isolation.,CANONICAL_ENFORCEMENT,LIVE,platform/deploy; platform/policy; scripts/verify/verify_rbac_resolution.sh,bootstrap manifests,API server/CNI,ServiceAccount token/RBAC identity,Kubernetes control authority,Allow/deny API and network operations,"Roles, bindings, NetworkPolicies",Kubernetes identity and namespace labels,platform/deploy; platform/policy; scripts/verify/verify_rbac_resolution.sh,workloads and proof,Kubernetes identity and namespace labels,workloads and proof,See 13_NETWORK_AND_TRUST_ATLAS.md,Kubernetes control authority,Kubernetes identity and namespace labels,workloads and proof,auth can-i and negative connectivity evidence,"proof/status, logs, runtime state as applicable",auth can-i and negative connectivity evidence,Denies by default only where policies exist,Fail closed where stated; otherwise degraded/unknown is explicit in failure matrix,Manifest owner/bootstrap,RBAC and isolation tests,auth can-i and negative connectivity evidence,See repository roots and atlas cross-references,"Coverage is namespace/policy specific, not universal",Native enforcement layer,HIGH,HIGH,,SUPPORTED_V1,NATIVE_V1_QUALIFIED,True
SYS-016,Kyverno admission,Enforce signed/digest-pinned workload admission and policy constraints.,CANONICAL_ENFORCEMENT,LIVE,platform/policy/kyverno; scripts/verify/verify_admission_alignment.sh,bootstrap Kyverno stages,Four Kyverno controller deployments,Kyverno service accounts,Admission policy authority,Admission allow/deny; registry signature reads,ClusterPolicies/reports,"registry trust, image signatures",platform/policy/kyverno; scripts/verify/verify_admission_alignment.sh,Kubernetes admission/proof,"registry trust, image signatures",Kubernetes admission/proof,See 13_NETWORK_AND_TRUST_ATLAS.md,Admission policy authority,"registry trust, image signatures",Kubernetes admission/proof,policy reports and negative admission evidence,"proof/status, logs, runtime state as applicable",policy reports and negative admission evidence,Unavailable webhooks fail per configured failurePolicy; admission proof is explicit,Fail closed where stated; otherwise degraded/unknown is explicit in failure matrix,Kyverno policy producer,Admission and registry-probe tests,policy reports and negative admission evidence,See repository roots and atlas cross-references,Registry availability affects new verification,Supply-chain enforcement evolution,HIGH,VERY_HIGH,,SUPPORTED_V1,NATIVE_V1_QUALIFIED,True
SYS-017,cert-manager,Issue auxiliary Kubernetes certificates; not workload identity authority.,CANONICAL_CONTROL_PLANE,LIVE,platform/deploy/infra/cert-manager; scripts/make/cert-manager.mk,bootstrap cert-manager,"controller, cainjector, webhook",cert-manager service accounts,Auxiliary certificate authority only,Create/update cert-manager resources,Certificates/issuers,Kubernetes API,platform/deploy/infra/cert-manager; scripts/make/cert-manager.mk,webhooks and infra,Kubernetes API,webhooks and infra,See 13_NETWORK_AND_TRUST_ATLAS.md,Auxiliary certificate authority only,Kubernetes API,webhooks and infra,rollout and image checks,"proof/status, logs, runtime state as applicable",rollout and image checks,Outage blocks auxiliary issuance,Fail closed where stated; otherwise degraded/unknown is explicit in failure matrix,cert-manager bootstrap,Image and rollout tests,rollout and image checks,See repository roots and atlas cross-references,Must not be confused with SPIRE workload authority,Kubernetes dependency,HIGH,MEDIUM,,SUPPORTED_V1,NATIVE_V1_QUALIFIED,True
SYS-018,ThreadForge FastAPI service,Expose governed vector operations through proxy-bound identity.,CANONICAL_RUNTIME,SECONDARY_NOT_NATIVE_V1_QUALIFIED_NOT_COLD_START_SUPPORTED,platform/runtime/api; platform/deploy/services/api; platform/images/api,make runtime-deploy-api,Not deployed in authoritative native topology,Intended spiffe://.../ns/threadforge/sa/threadforge-api,Application ingress authority only,Request handling; local evidence writes; indirect vector operations,Process logs and optional runtime state,"Istio XFCC, policy ConfigMaps, SPIRE socket, vector backends",platform/runtime/api; platform/deploy/services/api; platform/images/api,OperatorCore and clients,"Istio XFCC, policy ConfigMaps, SPIRE socket, vector backends",OperatorCore and clients,Intended spiffe://.../ns/threadforge/sa/threadforge-api,Application ingress authority only,"Istio XFCC, policy ConfigMaps, SPIRE socket, vector backends",OperatorCore and clients,Focused API boundary tests,"proof/status, logs, runtime state as applicable",Focused API boundary tests,Cold deployment target does not apply/create its full Secret/ConfigMap/key dependency set; operation unavailable,Fail closed where stated; otherwise degraded/unknown is explicit in failure matrix,Runtime deployment owner,API hostile identity tests,Focused API boundary tests,See repository roots and atlas cross-references,Not part of Golden Boot; chart defaults render empty tag and target omits required dependency convergence,Ironman/operator API lineage,HIGH,HIGH,REAL post-release runtime correctness/legibility defect; no release invalidation.,SECONDARY,SECONDARY_UNQUALIFIED,False
SYS-019,API identity/capability/AAS boundary,"Convert sanitized XFCC into attested identity, capabilities, and governance inputs.",CANONICAL_RUNTIME,STATICALLY_AND_TEST_PROVEN_SECONDARY,platform/runtime/api/identity_deps.py; platform/runtime/identity; platform/runtime/governance,FastAPI dependency injection,Only when API is deployed,Proxy-bound XFCC URI SAN,Application authorization mediator,Deny requests; derive capability set,Request identity context,Istio SANITIZE_SET and policy files,platform/runtime/api/identity_deps.py; platform/runtime/identity; platform/runtime/governance,"router, OperatorCore, denial logs",Istio SANITIZE_SET and policy files,"router, OperatorCore, denial logs",See 13_NETWORK_AND_TRUST_ATLAS.md,Application authorization mediator,Istio SANITIZE_SET and policy files,"router, OperatorCore, denial logs",165 focused runtime/CIV/proof tests include hostile headers,"proof/status, logs, runtime state as applicable",165 focused runtime/CIV/proof tests include hostile headers,Missing/malformed/duplicate XFCC denied,Fail closed where stated; otherwise degraded/unknown is explicit in failure matrix,API/identity owner,Boundary and authority tests,165 focused runtime/CIV/proof tests include hostile headers,See repository roots and atlas cross-references,Transport binding depends on trusted proxy topology,Identity repair lineage,HIGH,VERY_HIGH,,SECONDARY,SECONDARY_UNQUALIFIED,False
SYS-020,OperatorCore/SMP mediation,"Mediate secondary API envelopes through authority, governance, ledger, and handlers.",CANONICAL_RUNTIME,SUPPORTED_SECONDARY_NOT_LIVE,platform/runtime/ai/operator_core.py; platform/runtime/smp; platform/runtime/ai/runtime.py,runtime.api.app lifespan,Imported by API; absent from live cluster,Attested IdentityContext from API envelope,Process-local authority plus governance,Vector handlers; latent gated actuation plan handoff,"Operator state, emitted signals","identity, AAS, ledger, vector backends",platform/runtime/ai/operator_core.py; platform/runtime/smp; platform/runtime/ai/runtime.py,"API responses, ledger, actuator","identity, AAS, ledger, vector backends","API responses, ledger, actuator",See 13_NETWORK_AND_TRUST_ATLAS.md,Process-local authority plus governance,"identity, AAS, ledger, vector backends","API responses, ledger, actuator",focused unit/integration tests,"proof/status, logs, runtime state as applicable",focused unit/integration tests,UNCLAIMED authority returns error; ledger failure blocks handler,Fail closed where stated; otherwise degraded/unknown is explicit in failure matrix,Runtime owner,OperatorCore tests,focused unit/integration tests,See repository roots and atlas cross-references,Not mandatory for native bootstrap/proof; comments overstate whole-system centrality,Autonomous Ironman lineage constrained to emit/governed mode,HIGH,HIGH,,SECONDARY,SECONDARY_UNQUALIFIED,False
SYS-021,Actuator/actuation layers,Retain two command-execution abstractions behind default-deny gates.,EXPERIMENTAL,NOT_DEPLOYED_DEFAULT_DENY,platform/runtime/actuator; platform/runtime/actuation; platform/runtime/actions,OperatorCore latent plan path; tests,No live workload/entrypoint in native topology,Plan-carried identity plus process-local gates,Potential command execution if explicitly enabled,subprocess list execution,Process-local plan registry,"OperatorCore, ForgeSec truth, policy",platform/runtime/actuator; platform/runtime/actuation; platform/runtime/actions,Host commands and signals,"OperatorCore, ForgeSec truth, policy",Host commands and signals,See 13_NETWORK_AND_TRUST_ATLAS.md,Potential command execution if explicitly enabled,"OperatorCore, ForgeSec truth, policy",Host commands and signals,unit tests and source audit,"proof/status, logs, runtime state as applicable",unit tests and source audit,Default gates deny; enabling path has self-approved/hash-only plan semantics and needs redesign before support,Fail closed where stated; otherwise degraded/unknown is explicit in failure matrix,Future runtime owner,Actuator gate tests,unit tests and source audit,See repository roots and atlas cross-references,Duplicate implementations; no supported operational activation contract,Autonomous actuation strata,HIGH,LOW,"Security-risk-if-reactivated, not current release authority.",EXPERIMENTAL,SOURCE_ONLY,False
SYS-022,Operator ledger,Fail closed on non-authoritative identity and optionally persist operator events.,CANONICAL_AUDIT,SECONDARY_NOT_LIVE,platform/runtime/ledger/operator_ledger.py; platform/runtime/ledger/postgres_writer.py,OperatorCore bootstrap,Only with API/runtime process,Validated runtime identity,Ledger acceptance authority,Database or in-memory append,Operator events,authority state and THREADFORGE_LEDGER_DSN,platform/runtime/ledger/operator_ledger.py; platform/runtime/ledger/postgres_writer.py,governance/audit consumers,authority state and THREADFORGE_LEDGER_DSN,governance/audit consumers,See 13_NETWORK_AND_TRUST_ATLAS.md,Ledger acceptance authority,authority state and THREADFORGE_LEDGER_DSN,governance/audit consumers,ledger tests,"proof/status, logs, runtime state as applicable",ledger tests,Missing durable DSN degrades to memory; non-authoritative writes denied,Fail closed where stated; otherwise degraded/unknown is explicit in failure matrix,Runtime ledger owner,Ledger and unmocked integration tests,ledger tests,See repository roots and atlas cross-references,API chart does not produce DSN; not current native evidence rail,Operator AI ledger lineage,HIGH,MEDIUM,,SECONDARY,SECONDARY_UNQUALIFIED,False
SYS-023,Security audit chain,"Collect, hash-chain, sign, and verify repository/security audit evidence.",CANONICAL_AUDIT,OPERATOR_INITIATED,scripts/audit; platform/runtime/audit; artifacts/audit,make audit,Host execution; artifacts persisted locally,Audit signing key identity,"Evidentiary, not runtime execution authority",Append/sign local audit artifacts,"Audit chain, key registry, run report",cluster/source/tool outputs,scripts/audit; platform/runtime/audit; artifacts/audit,reviewers and closeout,cluster/source/tool outputs,reviewers and closeout,See 13_NETWORK_AND_TRUST_ATLAS.md,"Evidentiary, not runtime execution authority",cluster/source/tool outputs,reviewers and closeout,audit reports/SUMMARY,"proof/status, logs, runtime state as applicable",audit reports/SUMMARY,Tamper/missing key fails verification; no external anchor,Fail closed where stated; otherwise degraded/unknown is explicit in failure matrix,Audit scripts/human key owner,Audit tests and qualified make audit,audit reports/SUMMARY,See repository roots and atlas cross-references,Local anchoring and retention; multiple historical audit formats,Audit consolidation,HIGH,HIGH,,SUPPORTED_V1,OPERATOR_TOOLING,True
SYS-024,Postgres state plane,Persist data-plane and optional operator-ledger state.,CANONICAL_CONTROL_PLANE,LIVE,platform/deploy/infra/postgres; platform/data/postgres,bootstrap data stage,postgres StatefulSet,postgres service account/database credentials,Database write authority scoped by credentials,SQL writes,50Gi local PVC,bootstrap credentials and clients,platform/deploy/infra/postgres; platform/data/postgres,runtime/data services,bootstrap credentials and clients,runtime/data services,See 13_NETWORK_AND_TRUST_ATLAS.md,Database write authority scoped by credentials,bootstrap credentials and clients,runtime/data services,pod/PVC/readiness evidence,"proof/status, logs, runtime state as applicable",pod/PVC/readiness evidence,Outage affects dependent durable state; native proof does not make API ledger live,Fail closed where stated; otherwise degraded/unknown is explicit in failure matrix,Data bootstrap,integration and readiness tests,pod/PVC/readiness evidence,See repository roots and atlas cross-references,Single replica/local PVC; backup contract not demonstrated,Data plane foundation,HIGH,MEDIUM,,SUPPORTED_V1,NATIVE_V1_QUALIFIED,True
SYS-025,ClickHouse value plane,"Store/query identity, policy, budget, and demo analytical projections.",CANONICAL_CONTROL_PLANE,LIVE,platform/deploy/infra/clickhouse; platform/data/clickhouse; queries,bootstrap schema; demo-civ; demo-authority-contrast,clickhouse StatefulSet,Service account plus DB credentials/mTLS policy,"Analytical state authority for its tables, not execution authority",SQL inserts/schema/query,50Gi local PVC and tables,collectors/demo fixtures,platform/deploy/infra/clickhouse; platform/data/clickhouse; queries,"CIV lenses, Grafana, demos",collectors/demo fixtures,"CIV lenses, Grafana, demos",See 13_NETWORK_AND_TRUST_ATLAS.md,"Analytical state authority for its tables, not execution authority",collectors/demo fixtures,"CIV lenses, Grafana, demos",query and demo outputs,"proof/status, logs, runtime state as applicable",query and demo outputs,Outage blocks analytical demos/value queries,Fail closed where stated; otherwise degraded/unknown is explicit in failure matrix,Value-plane producers,SQL/query/demo tests,query and demo outputs,See repository roots and atlas cross-references,Single replica; some demos deliberately synthesize circumstances,Value-plane evolution,HIGH,HIGH,,SUPPORTED_V1,NATIVE_V1_QUALIFIED,True
SYS-026,MinIO object store,Provide SPIFFE/mesh-protected object storage reference service.,CANONICAL_CONTROL_PLANE,LIVE,platform/deploy/infra/minio; scripts/verify/verify_minio*,bootstrap MinIO,minio deployment,minio service account and mesh identity,Object storage authority,Object writes via authenticated API,20Gi local PVC,SPIRE/mesh/credentials,platform/deploy/infra/minio; scripts/verify/verify_minio*,clients and proof boundary checks,SPIRE/mesh/credentials,clients and proof boundary checks,See 13_NETWORK_AND_TRUST_ATLAS.md,Object storage authority,SPIRE/mesh/credentials,clients and proof boundary checks,readiness and identity evidence,"proof/status, logs, runtime state as applicable",readiness and identity evidence,Outage blocks object clients; proof scope is bounded,Fail closed where stated; otherwise degraded/unknown is explicit in failure matrix,MinIO bootstrap,Identity/native guard tests,readiness and identity evidence,See repository roots and atlas cross-references,Single replica/local PVC,Object-store integration,HIGH,MEDIUM,,SUPPORTED_V1,NATIVE_V1_QUALIFIED,True
SYS-027,OpenTelemetry collector,Receive and route OTLP telemetry under mesh policy.,CANONICAL_OBSERVABILITY,LIVE,platform/deploy/infra/observability/collector*,bootstrap observability,threadforge-collector deployment,collector service account/mesh identity,Signal transport only,Receive/export telemetry,In-memory queues/config,OTLP producers,platform/deploy/infra/observability/collector*,Tempo/Prometheus/log consumers,OTLP producers,Tempo/Prometheus/log consumers,See 13_NETWORK_AND_TRUST_ATLAS.md,Signal transport only,OTLP producers,Tempo/Prometheus/log consumers,health and metrics,"proof/status, logs, runtime state as applicable",health and metrics,Outage loses/degrades in-flight telemetry,Fail closed where stated; otherwise degraded/unknown is explicit in failure matrix,Observability bootstrap,Stack/proof tests,health and metrics,See repository roots and atlas cross-references,Single replica; no durable queue shown,Observability convergence,HIGH,HIGH,,SUPPORTED_V1,NATIVE_V1_QUALIFIED,True
SYS-028,Prometheus,Scrape/store/query metrics and evaluate alert rules.,CANONICAL_OBSERVABILITY,QUALIFIED_24_OF_24,platform/deploy/infra/observability/base/prometheus.yaml; rules,bootstrap observability,prometheus-0,prometheus service account/mesh policy,Observational only,TSDB writes and queries,10Gi local PVC,metrics endpoints,platform/deploy/infra/observability/base/prometheus.yaml; rules,"Grafana, proof, demos",metrics endpoints,"Grafana, proof, demos",See 13_NETWORK_AND_TRUST_ATLAS.md,Observational only,metrics endpoints,"Grafana, proof, demos",24/24 intended targets up; API/node scrape authentication TLS and stable routing verified,"proof/status, logs, runtime state as applicable",24/24 intended targets up; rules loaded,Control-plane scrape authentication TLS or route drift makes the target DOWN and blocks metrics proof,Fail closed where stated; otherwise degraded/unknown is explicit in failure matrix,Observability config owner,22-check live validation,24/24 intended targets up; exact-SHA qualification PASS,See repository roots and atlas cross-references,Single replica; demo-created proxy targets can change the total runtime scrape count,Observability stack,HIGH,HIGH,DEF-002 closed by authenticated verified HTTPS and exact /metrics RBAC; exact-SHA qualified.,SUPPORTED_V1,NATIVE_V1_QUALIFIED,True
SYS-029,Loki and Promtail,Collect/store/query Kubernetes and Envoy logs.,CANONICAL_OBSERVABILITY,LIVE,platform/deploy/infra/observability/base/loki.yaml; promtail*,bootstrap observability,loki-0 plus promtail DaemonSet,service accounts and mesh policy,Observational only,Log append/query,10Gi local PVC,pod logs/promtail,platform/deploy/infra/observability/base/loki.yaml; promtail*,"Grafana, proof, demos",pod logs/promtail,"Grafana, proof, demos",See 13_NETWORK_AND_TRUST_ATLAS.md,Observational only,pod logs/promtail,"Grafana, proof, demos",ready; 103 recent series,"proof/status, logs, runtime state as applicable",ready; 103 recent series,Outage removes log evidence; no external retention,Fail closed where stated; otherwise degraded/unknown is explicit in failure matrix,Observability bootstrap,Ingest/query live checks,ready; 103 recent series,See repository roots and atlas cross-references,Single replica/filesystem storage,Observability stack,HIGH,HIGH,,SUPPORTED_V1,NATIVE_V1_QUALIFIED,True
SYS-030,Tempo,Receive/store/query traces.,CANONICAL_OBSERVABILITY,LIVE,platform/deploy/infra/observability/base/tempo.yaml,bootstrap observability,tempo-0,tempo service account/mesh identity,Observational only,Trace ingest/query,20Gi local PVC,OTLP producers/collector,platform/deploy/infra/observability/base/tempo.yaml,"Grafana, proof, demos",OTLP producers/collector,"Grafana, proof, demos",See 13_NETWORK_AND_TRUST_ATLAS.md,Observational only,OTLP producers/collector,"Grafana, proof, demos",ready; v2.5.0; spans received,"proof/status, logs, runtime state as applicable",ready; v2.5.0; spans received,Outage blocks trace evidence,Fail closed where stated; otherwise degraded/unknown is explicit in failure matrix,Observability bootstrap,Direct ingest/search proof,ready; v2.5.0; spans received,See repository roots and atlas cross-references,Single replica/local storage,Observability stack,HIGH,HIGH,,SUPPORTED_V1,NATIVE_V1_QUALIFIED,True
SYS-031,Grafana,Present provisioned metrics/log/trace and trust-lifecycle views.,CANONICAL_OBSERVABILITY,LIVE,platform/deploy/infra/observability/base/grafana.yaml,bootstrap observability,grafana deployment,Grafana credentials/service account,Read-only visualization authority,Local dashboard/config state,Ephemeral/application config,Prometheus/Loki/Tempo,platform/deploy/infra/observability/base/grafana.yaml,reviewers/operators,Prometheus/Loki/Tempo,reviewers/operators,See 13_NETWORK_AND_TRUST_ATLAS.md,Read-only visualization authority,Prometheus/Loki/Tempo,reviewers/operators,datasource health checks,"proof/status, logs, runtime state as applicable",datasource health checks,Outage does not invalidate raw evidence but harms inspection,Fail closed where stated; otherwise degraded/unknown is explicit in failure matrix,Observability bootstrap,Datasource and dashboard JSON tests,datasource health checks,See repository roots and atlas cross-references,"Panels are evidence aids, not proof authority",Observability stack,HIGH,MEDIUM,,SUPPORTED_V1,NATIVE_V1_QUALIFIED,True
SYS-032,Notifier/closed-loop observer,Observe selected policy/metric state and emit notifications without owning remediation.,CANONICAL_OBSERVABILITY,LIVE,platform/deploy/infra/notifier; scripts/closed_loop,bootstrap notifier,notifier deployment,notifier service account,Observer only,Notification/event writes,Ephemeral process state,Prometheus/Kubernetes signals,platform/deploy/infra/notifier; scripts/closed_loop,operators/proof state,Prometheus/Kubernetes signals,operators/proof state,See 13_NETWORK_AND_TRUST_ATLAS.md,Observer only,Prometheus/Kubernetes signals,operators/proof state,closed-loop status,"proof/status, logs, runtime state as applicable",closed-loop status,"Broken observer yields detection gap, not producer repair",Fail closed where stated; otherwise degraded/unknown is explicit in failure matrix,Notifier owner,Proof/observer tests,closed-loop status,See repository roots and atlas cross-references,No external paging guarantee established,Closed-loop assurance,MEDIUM,MEDIUM,,SUPPORTED_V1,NATIVE_V1_QUALIFIED,True
SYS-033,Proof orchestrator,Evaluate ordered runtime guarantees without healing producer state.,CANONICAL_ASSURANCE,LIVE_OPERATOR_PATH,scripts/prove_system.sh; scripts/verify; Makefile,make proof,Operator initiated against live cluster,Human/kubeconfig with guarded mutation semantics,Assurance scheduler only,Evidence files; controlled active-negative tests,artifacts/proof/latest,live cluster and source,scripts/prove_system.sh; scripts/verify; Makefile,"qualification, verify-main, reviewers",live cluster and source,"qualification, verify-main, reviewers",See 13_NETWORK_AND_TRUST_ATLAS.md,Assurance scheduler only,live cluster and source,"qualification, verify-main, reviewers",28 guarantee statuses/logs,"proof/status, logs, runtime state as applicable",28 guarantee statuses/logs,Required failure latches FINAL=FAIL; NOT_EVALUATED remains distinct,Fail closed where stated; otherwise degraded/unknown is explicit in failure matrix,First failing producer,Extensive proof hardening suite,28 guarantee statuses/logs,See repository roots and atlas cross-references,Long/host-coupled; active tests are bounded and explicitly classified; read_only_guarantees remains a deprecated compatibility alias,Current assurance architecture,HIGH,VERY_HIGH,,SUPPORTED_V1,NATIVE_V1_QUALIFIED,True
SYS-034,Proof integrity/determinism,"Freeze, hash, sign, verify, schema-check, and semantically compare proof artifacts.",CANONICAL_ASSURANCE,CURRENT_ARTIFACT_PASS,scripts/verify/verify_proof_artifacts.sh; validate_proof_integrity.sh; proof determinism,proof finalization; make verify-main,Host artifact path,Cosign/audit keys plus Git HEAD binding,Evidence acceptance authority,Write manifests/signatures/commit.sha,Signed proof set,proof outputs and source SHA,scripts/verify/verify_proof_artifacts.sh; validate_proof_integrity.sh; proof determinism,verify-main/qualification,proof outputs and source SHA,verify-main/qualification,See 13_NETWORK_AND_TRUST_ATLAS.md,Evidence acceptance authority,proof outputs and source SHA,verify-main/qualification,signed=true verified=true 28 PASS,"proof/status, logs, runtime state as applicable",signed=true verified=true 28 PASS,Tamper/source mismatch rejected,Fail closed where stated; otherwise degraded/unknown is explicit in failure matrix,Proof integrity producer,Tamper isolation and determinism tests,signed=true verified=true 28 PASS,See repository roots and atlas cross-references,Whole artifact is not bitwise deterministic; status source/run binding is split across files/runners,Proof freeze hardening,HIGH,VERY_HIGH,,SUPPORTED_V1,NATIVE_V1_QUALIFIED,True
SYS-035,Active assurance/outage proofs,"Exercise bounded failures and reconvergence (SPIRE outage, tamper, sessions).",CANONICAL_ASSURANCE,OPERATOR_INITIATED,scripts/verify/prove_spire_outage.sh; hostile_validation.sh; proof break tests,make prove-spire-outage; proof-break-tamper,Operator initiated; isolated/controlled mutation,Human/kubeconfig,Negative-test mutation authority,Scale/delete/tamper isolated state with rollback,Assurance run artifacts,healthy canonical state,scripts/verify/prove_spire_outage.sh; hostile_validation.sh; proof break tests,proof claims and reviewers,healthy canonical state,proof claims and reviewers,See 13_NETWORK_AND_TRUST_ATLAS.md,Negative-test mutation authority,healthy canonical state,proof claims and reviewers,outage/tamper PASS artifacts,"proof/status, logs, runtime state as applicable",outage/tamper PASS artifacts,Rollback failure is explicit; canonical tamper set preserved,Fail closed where stated; otherwise degraded/unknown is explicit in failure matrix,Owning assurance script,Hostile/focused/qualified runs,outage/tamper PASS artifacts,See repository roots and atlas cross-references,Potentially disruptive; never background,Active assurance evolution,HIGH,VERY_HIGH,,SUPPORTED_V1,OPERATOR_TOOLING,True
SYS-036,Registry audit/runtime drift,Reconcile declared signed references with actual runtime image IDs and dynamic demo aliases.,CANONICAL_ASSURANCE,OPERATOR_INITIATED_PASS_ON_QUALIFIED_SHA,scripts/verify/registry_audit.sh; runtime drift helpers,make registry-audit,Host reads cluster/registry,Kubeconfig + registry verification identity,Evidentiary only,Writes audit projections,Registry audit artifacts,"inventory, runtime imageID, signatures",scripts/verify/registry_audit.sh; runtime drift helpers,release closeout,"inventory, runtime imageID, signatures",release closeout,See 13_NETWORK_AND_TRUST_ATLAS.md,Evidentiary only,"inventory, runtime imageID, signatures",release closeout,0 violation qualified runs,"proof/status, logs, runtime state as applicable",0 violation qualified runs,Unknown/source-mismatched alias fails closed,Fail closed where stated; otherwise degraded/unknown is explicit in failure matrix,Registry audit owner,Drift/cache tests,0 violation qualified runs,See repository roots and atlas cross-references,Source annotations bind dynamic agents-lab eligibility,Supply-chain assurance,HIGH,VERY_HIGH,,SUPPORTED_V1,OPERATOR_TOOLING,True
SYS-037,Canonical audit aggregate,"Run repository, identity, runtime, observability, ForgeSec, SBOM and authority checks.",CANONICAL_AUDIT,OPERATOR_INITIATED,scripts/audit/run_full_audit.sh; scripts/make/core.mk,make audit,Host against source/live cluster,Human/kubeconfig,Audit scheduler only,Audit artifacts,artifacts/audit,source and live systems,scripts/audit/run_full_audit.sh; scripts/make/core.mk,reviewer/report,source and live systems,reviewer/report,See 13_NETWORK_AND_TRUST_ATLAS.md,Audit scheduler only,source and live systems,reviewer/report,run manifest/checks/SUMMARY,"proof/status, logs, runtime state as applicable",run manifest/checks/SUMMARY,Required child failure propagates nonzero,Fail closed where stated; otherwise degraded/unknown is explicit in failure matrix,Child producer,audit-check and full audit qualification,run manifest/checks/SUMMARY,See repository roots and atlas cross-references,Separate from proof; locally anchored,Audit consolidation,HIGH,HIGH,,SUPPORTED_V1,OPERATOR_TOOLING,True
SYS-038,ForgeSec enforcement suite,Exercise isolated security boundaries and require concrete denials.,CANONICAL_ASSURANCE,LIVE_OPERATOR_PATH,scripts/verify/verify_forgesec_enforcement.sh; platform/forgesec,make forgesec; demo-security-boundary,Ephemeral isolated namespace,forgesec service accounts,Negative-test authority only,Create probes/fixtures and clean them,artifacts/forgesec,"registry, policies, cluster",scripts/verify/verify_forgesec_enforcement.sh; platform/forgesec,proof/demo/reviewer,"registry, policies, cluster",proof/demo/reviewer,See 13_NETWORK_AND_TRUST_ATLAS.md,Negative-test authority only,"registry, policies, cluster",proof/demo/reviewer,suite logs and denial evidence,"proof/status, logs, runtime state as applicable",suite logs and denial evidence,Unexpected allow or cleanup failure fails suite,Fail closed where stated; otherwise degraded/unknown is explicit in failure matrix,ForgeSec script/policy owner,Focused liveness/network/signature tests,suite logs and denial evidence,See repository roots and atlas cross-references,Not a general penetration platform,Security-boundary assurance,HIGH,HIGH,,SUPPORTED_V1,NATIVE_V1_QUALIFIED,True
SYS-039,Agent containment lab,Demonstrate allowed and denied agent traffic in an isolated namespace.,SUPPORTED_DEMO,LIVE_DEMO_STATE,platform/deploy/labs/agents; scripts/demo,make demo,agents-lab workloads currently live,Distinct service accounts/SPIRE identities,Demo-only workload authority,Deploy fixtures/send traffic,Ephemeral workload/demo rows,mesh/policies/registry,platform/deploy/labs/agents; scripts/demo,reviewer and demo runner,mesh/policies/registry,reviewer and demo runner,See 13_NETWORK_AND_TRUST_ATLAS.md,Demo-only workload authority,mesh/policies/registry,reviewer and demo runner,scenario logs and source SHA,"proof/status, logs, runtime state as applicable",scenario logs and source SHA,Unexpected traffic result fails demo,Fail closed where stated; otherwise degraded/unknown is explicit in failure matrix,Demo scripts,Containment contract tests,scenario logs and source SHA,See repository roots and atlas cross-references,Fixture workloads are not canonical application runtime,Containment surface,HIGH,HIGH,,SUPPORTED_V1,SUPPORTED_DEMO,True
SYS-040,Supported demo aggregate,"Run containment, CIV, authority contrast, and security boundary twice cleanly.",SUPPORTED_DEMO,QUALIFIED_PASS,scripts/demo/run_supported_demos.sh,make demo-all,Operator initiated,Human/kubeconfig,Demo scheduler,Runtime fixture mutation with cleanup,artifacts/demo-runs,four demo systems,scripts/demo/run_supported_demos.sh,reviewer evidence,four demo systems,reviewer evidence,See 13_NETWORK_AND_TRUST_ATLAS.md,Demo scheduler,four demo systems,reviewer evidence,two qualified 4/4 PASS runs,"proof/status, logs, runtime state as applicable",two qualified 4/4 PASS runs,Fail-fast and source mutation detection,Fail closed where stated; otherwise degraded/unknown is explicit in failure matrix,Demo child owner,Demo contract and qualified runs,two qualified 4/4 PASS runs,See repository roots and atlas cross-references,Run IDs are separate from Golden Boot,Reviewer surface hardening,HIGH,VERY_HIGH,,SUPPORTED_V1,SUPPORTED_DEMO,True
SYS-041,CIV analytical lenses,Query ClickHouse identity/budget/attribution data and demonstrate authority contrast.,SUPPORTED_DEMO,OPERATOR_INITIATED,scripts/make/civ.mk; platform/data/clickhouse/queries,make demo-civ; make demo-authority-contrast,"Live ClickHouse, demo initiated",DB credential; no execution identity,Analytical only,Demo table inserts/queries,ClickHouse demo/value rows,ClickHouse schema and fixtures,scripts/make/civ.mk; platform/data/clickhouse/queries,reviewer output,ClickHouse schema and fixtures,reviewer output,See 13_NETWORK_AND_TRUST_ATLAS.md,Analytical only,ClickHouse schema and fixtures,reviewer output,demo logs,"proof/status, logs, runtime state as applicable",demo logs,No actuation path; query failure fails demo,Fail closed where stated; otherwise degraded/unknown is explicit in failure matrix,CIV demo scripts,CIV demo contract tests,demo logs,See repository roots and atlas cross-references,Distinct from platform/runtime/civ DecisionRecord library,Value-plane CIV surface,HIGH,HIGH,,SUPPORTED_V1,SUPPORTED_DEMO,True
SYS-042,CIV advisory library,"Compute deterministic analytical provenance, counterfactuals, inertia, recommendations, signatures, and dormant intents.",ADVISORY,TEST_TOOL_REACHABLE_NOT_RUNTIME,platform/runtime/civ; scripts/sign_civ_artifacts.py,tests/tools only; no canonical runtime caller,No canonical background/runtime import,Artifact signer identity where invoked,NONE; enforcement_prohibited,Write advisory artifacts only when caller invokes writer,DecisionRecord/artifact files,analytical inputs,platform/runtime/civ; scripts/sign_civ_artifacts.py,tools/tests/external human authority,analytical inputs,tools/tests/external human authority,See 13_NETWORK_AND_TRUST_ATLAS.md,NONE; enforcement_prohibited,analytical inputs,tools/tests/external human authority,focused 165-test set includes CIV,"proof/status, logs, runtime state as applicable",focused 165-test set includes CIV,Dormant intent cannot self-activate; tamper replay rejected,Fail closed where stated; otherwise degraded/unknown is explicit in failure matrix,External consumer/human,CIV boundary/provenance/signing tests,focused 165-test set includes CIV,See repository roots and atlas cross-references,Current public demo-civ does not execute this library,Ironman simulation evolved into bounded advisory model,HIGH,VERY_HIGH,,ADVISORY,SOURCE_ONLY,False
SYS-043,CI/governance/verify-main,"Check proof source binding, repository policy, and diagnostic remote CI.",CANONICAL_AUDIT,CURRENT_HEAD_DELTA_ONLY,github workflows; scripts/verify/verify_main_integrity.sh; tests/test_verify_main_remote_check_contract.py,make verify-main; pre-push,Local plus GitHub metadata,Git commit and workflow identity,Repository integrity authority; remote checks non-blocking,Local report/artifact writes,CI/check metadata and proof commit.sha,Git/proof/GitHub,github workflows; scripts/verify/verify_main_integrity.sh; tests/test_verify_main_remote_check_contract.py,release closeout,Git/proof/GitHub,release closeout,See 13_NETWORK_AND_TRUST_ATLAS.md,Repository integrity authority; remote checks non-blocking,Git/proof/GitHub,release closeout,remote contract diagnostic and local gates,"proof/status, logs, runtime state as applicable",remote contract diagnostic and local gates,Proof/source mismatch remains blocking; absent remote names diagnostic,Fail closed where stated; otherwise degraded/unknown is explicit in failure matrix,Verifier owner,Focused verify-main/governance tests,remote contract diagnostic and local gates,See repository roots and atlas cross-references,Documentation/evidence descendants may differ from runtime-qualified SHA; executable qualification remains source-bound,Phase 2 governance rule,HIGH,HIGH,,SUPPORTED_V1,OPERATOR_TOOLING,True
SYS-044,Documentation/publication,"State architecture, claims, reviewer routes, and evidence boundaries.",ADVISORY,CURRENT_SOURCE,README.md; docs; whitepaper,docs-verify/publication checks,Repository only,Git authorship,No runtime authority,Tracked documentation writes by maintainers,Authored documents,system evidence,README.md; docs; whitepaper,reviewers,system evidence,reviewers,See 13_NETWORK_AND_TRUST_ATLAS.md,No runtime authority,system evidence,reviewers,docs/static checks,"proof/status, logs, runtime state as applicable",docs/static checks,Stale wording harms credibility but does not mutate runtime,Fail closed where stated; otherwise degraded/unknown is explicit in failure matrix,Document owner,Docs contract tests,docs/static checks,See repository roots and atlas cross-references,Large historical archive increases archaeology cost,Documentation consolidation,MEDIUM,HIGH,,ADVISORY,SOURCE_ONLY,False
SYS-045,Labs/experimental surfaces,"Retain non-release experiments, fixtures, and alternate deployments.",LAB,NOT_CANONICAL,labs; platform/deploy/labs; experiments,explicit lab targets only,Optional,Varies,No release authority,Lab-only mutation,Ephemeral lab state,operator opt-in,labs; platform/deploy/labs; experiments,research/development,operator opt-in,research/development,See 13_NETWORK_AND_TRUST_ATLAS.md,No release authority,operator opt-in,research/development,lab tests where present,"proof/status, logs, runtime state as applicable",lab tests where present,Must not be inferred as supported production,Fail closed where stated; otherwise degraded/unknown is explicit in failure matrix,Lab owner,Selective,lab tests where present,See repository roots and atlas cross-references,Mixed maturity and stale assumptions,Research strata,MEDIUM,MEDIUM,,EXPERIMENTAL,SOURCE_ONLY,False
SYS-046,Proof/test workloads,"Provide echo/client fixtures for identity, ingress, RBAC, and isolation proof.",CANONICAL_ASSURANCE,LIVE,platform/deploy/tests; scripts/verify/ensure_test_workload.sh,proof/bootstrap test workload stage,threadforge-test namespace,test-client and echo SPIFFE/service accounts,Test-only,Create requests and negative probes,Ephemeral fixture state,"mesh, identity, policies",platform/deploy/tests; scripts/verify/ensure_test_workload.sh,proof verifiers,"mesh, identity, policies",proof verifiers,See 13_NETWORK_AND_TRUST_ATLAS.md,Test-only,"mesh, identity, policies",proof verifiers,live proof logs,"proof/status, logs, runtime state as applicable",live proof logs,Unexpected allow/deny fails guarantee,Fail closed where stated; otherwise degraded/unknown is explicit in failure matrix,Proof/bootstrap owner,Proof tests,live proof logs,See repository roots and atlas cross-references,Not application production workload,Proof fixture consolidation,HIGH,HIGH,,SUPPORTED_V1,NATIVE_V1_QUALIFIED,True
SYS-047,Vector/Qdrant backend stack,Provide vector operations for the secondary API lineage.,COMPATIBILITY,NOT_LIVE_IN_NATIVE_PROFILE,platform/runtime/vector; platform/deploy/services/qdrant; platform/runtime/data_plane,secondary API handlers,No current qdrant workload,Application/backend credentials,Data operation authority if deployed,Vector insert/search/delete,Backend data,OperatorCore,platform/runtime/vector; platform/deploy/services/qdrant; platform/runtime/data_plane,API callers,OperatorCore,API callers,See 13_NETWORK_AND_TRUST_ATLAS.md,Data operation authority if deployed,OperatorCore,API callers,unit/integration tests,"proof/status, logs, runtime state as applicable",unit/integration tests,Unavailable returns operator error,Fail closed where stated; otherwise degraded/unknown is explicit in failure matrix,Secondary runtime owner,Vector enforcement tests,unit/integration tests,See repository roots and atlas cross-references,No supported native deployment closure demonstrated,Original operator/vector platform,MEDIUM,MEDIUM,,COMPATIBILITY,SOURCE_ONLY,False
SYS-048,Identity compiler/controller,Generate or reconcile identity-policy declarations and controller artifacts.,CANONICAL_IDENTITY,SOURCE_AND_OPTIONAL_CONTROLLER,platform/identity; platform/controllers/identity; scripts/make/identity-controller.mk,bootstrap generators; optional identity-controller target,Generated artifacts are live; controller not currently live,Controller/service account when deployed,Identity declaration producer only,Generate manifests/entries,Policy/entry artifacts,canonical source,platform/identity; platform/controllers/identity; scripts/make/identity-controller.mk,SPIRE/Kyverno/bootstrap,canonical source,SPIRE/Kyverno/bootstrap,See 13_NETWORK_AND_TRUST_ATLAS.md,Identity declaration producer only,canonical source,SPIRE/Kyverno/bootstrap,generator tests,"proof/status, logs, runtime state as applicable",generator tests,Stale generated identity blocks proof,Fail closed where stated; otherwise degraded/unknown is explicit in failure matrix,Identity source owner,Identity compiler/controller tests,generator tests,See repository roots and atlas cross-references,Controller path is not required in native live topology,Identity automation,MEDIUM,HIGH,,SUPPORTED_V1,NATIVE_V1_QUALIFIED,True
SYS-049,Advisory observability validators,Retain non-gating diagnostics/chaos paths for the optional API-era topology.,ADVISORY,NOT_RELEASE_GATING,scripts/advisory/observability; platform/deploy/infra/observability/runtime_validation_job.yaml,explicit advisory scripts,Some expect absent threadforge-api,Varies; mesh client after recent repair,Diagnostic only,May mutate controlled runtime when explicitly invoked,Advisory logs,optional API/observability,scripts/advisory/observability; platform/deploy/infra/observability/runtime_validation_job.yaml,operator,optional API/observability,operator,See 13_NETWORK_AND_TRUST_ATLAS.md,Diagnostic only,optional API/observability,operator,advisory output,"proof/status, logs, runtime state as applicable",advisory output,Failures documented non-gating unless called directly,Fail closed where stated; otherwise degraded/unknown is explicit in failure matrix,Advisory script owner,Observability diagnostic tests,advisory output,See repository roots and atlas cross-references,Many assumptions belong to optional API-era topology,Phase 2 observability strata,HIGH,LOW,,ADVISORY,SOURCE_ONLY,False
SYS-050,Ironman/autonomous operator concept,Historical autonomous orchestration and simulation vocabulary retained in code/comments.,HISTORICAL,RETAINED_STRATA,platform/runtime/ai; docs/archive; historical tags,none as autonomous system,No autonomous supported runtime,Historical,NONE in release,No supported autonomous mutation,Historical code/comments,n/a,platform/runtime/ai; docs/archive; historical tags,maintainer archaeology,n/a,maintainer archaeology,See 13_NETWORK_AND_TRUST_ATLAS.md,NONE in release,n/a,maintainer archaeology,Git history,"proof/status, logs, runtime state as applicable",Git history,Risk is conceptual confusion/reactivation,Fail closed where stated; otherwise degraded/unknown is explicit in failure matrix,Maintainer,Historical tests only,Git history,See repository roots and atlas cross-references,Names overstate current authority,2025-2026 autonomous/AI era,HIGH,LOW,,HISTORICAL,HISTORICAL,False
SYS-051,Legacy K3/VM bootstrap,Retain compatibility targets and host assumptions from pre-Kind operation.,COMPATIBILITY,RETAINED_NOT_GOLDEN_BOOT_AUTHORITY,scripts/make/k3*.mk; legacy host sync paths,explicit legacy targets,Not used by golden_boot.sh native route,Legacy kubeconfig/SSH,Compatibility only,May mutate legacy cluster if invoked,Legacy kubeconfig/VM state,operator opt-in,scripts/make/k3*.mk; legacy host sync paths,legacy environment,operator opt-in,legacy environment,See 13_NETWORK_AND_TRUST_ATLAS.md,Compatibility only,operator opt-in,legacy environment,static tests,"proof/status, logs, runtime state as applicable",static tests,Can confuse target discovery,Fail closed where stated; otherwise degraded/unknown is explicit in failure matrix,Legacy owner,Make-surface tests,static tests,See repository roots and atlas cross-references,Stale VM/k3 names remain in includes,K3 era,HIGH,LOW,,COMPATIBILITY,SOURCE_ONLY,False
SYS-052,Archived documentation/artifacts,Preserve historical claims and evidence without current authority.,HISTORICAL,RETAINED,docs/archive; artifacts historical runs,none,No runtime reachability,n/a,NONE,None unless a user explicitly copies/executes,Historical records,past runs,docs/archive; artifacts historical runs,archaeology,past runs,archaeology,See 13_NETWORK_AND_TRUST_ATLAS.md,NONE,past runs,archaeology,Git timestamps/run files,"proof/status, logs, runtime state as applicable",Git timestamps/run files,Stale evidence must not qualify current SHA,Fail closed where stated; otherwise degraded/unknown is explicit in failure matrix,Maintainer,No current validation authority,Git timestamps/run files,See repository roots and atlas cross-references,Large volume creates reviewer noise,All prior eras,HIGH,LOW,,HISTORICAL,HISTORICAL,False
SYS-053,Retired ledger HTTP API,Former header-trusting ledger ingress explicitly retired from current topology.,DEAD,DEAD_CODE_PROVEN,retired references and tests/test_ledger_api_retirement.py,none,No deployment/router/Make caller,n/a,NONE,None,None,n/a,retired references and tests/test_ledger_api_retirement.py,retirement guard,n/a,retirement guard,See 13_NETWORK_AND_TRUST_ATLAS.md,NONE,n/a,retirement guard,retirement tests,"proof/status, logs, runtime state as applicable",retirement tests,Accidental reintroduction should fail structural guard,Fail closed where stated; otherwise degraded/unknown is explicit in failure matrix,Maintainer,Retirement test,retirement tests,See repository roots and atlas cross-references,Historical vulnerability context only,Retired ledger era,HIGH,NONE,,DEAD,NONE,False
SYS-054,GitOps/alternate manifest mirrors,Retain alternate GitOps/rendered manifests that are not native producer authority.,HISTORICAL,RETAINED_SHADOW_CONFIGURATION,platform/deploy/gitops; infra legacy mirrors,no Golden Boot root,Not authoritative in native topology,GitOps controller identity if externally installed,No current release authority,Could deploy if external GitOps system chooses it,Alternate manifests,external operator only,platform/deploy/gitops; infra legacy mirrors,unknown external consumer,external operator only,unknown external consumer,See 13_NETWORK_AND_TRUST_ATLAS.md,No current release authority,external operator only,unknown external consumer,static topology checks,"proof/status, logs, runtime state as applicable",static topology checks,Semantic drift can mislead; native source wins,Fail closed where stated; otherwise degraded/unknown is explicit in failure matrix,Maintainer,Structure tests,static topology checks,See repository roots and atlas cross-references,Duplicate observability/API assumptions,GitOps experimentation,MEDIUM,LOW,,HISTORICAL,HISTORICAL,False
